99,49928
99,59431
99,7032
99,7999
99,90749
99,99605
100
100
100
100
100
100
100
100
100
100
100
100
100
100
100
100
100
100
100
100
100
100
100
100
100
100
100
100
100
100
100
100
100
100
100
100
100
100
100
100
99,97359
99,87685
99,78001
99,68752
99,59654
99,50813
99,42958
99,35231
99,28445
99,22012
99,16515
99,12432
99,08816
99,06351
99,04281
99,02312
99,01727
99,80026
99,92029
100
100
100
100
100
100
100
100
100
100
100
100
100
100
100
100
100
100
100
100
100
100
100
100
100
100
100
100
100
100
100
100
100
100
100
100
100
100
100
100
100
100
100
100
100
100
100
99,98859
99,88438
99,77218
99,66933
99,57156
99,48068
99,38538
99,30753
99,23932
99,18016
99,13275
99,09361
99,06197
99,04179
100
100
100
100
100
100
100
100
100
100
100
100
100
100
100
100
100
100
100
100
100
100
100
100
100
100
100
100
100
100
100
100
100
100
100
100
100
100
100
100
100
100
100
100
100
100
100
100
100
100
100
100
99,95983
99,84183
99,72659
99,61424
99,50832
99,41186
99,32671
99,24939
99,1843
99,12885
99,08771
100
100
100
100
100
100
100
100
100
100
100
100
100
100
100
100
100
100
100
100
100
100
100
100
100
100
100
100
100
100
100
100
100
100
100
100
100
100
100
100
100
100
100
100
100
100
100
100
100
100
100
100
100
100
99,99619
99,88296
99,7586
99,63625
99,52499
99,41949
99,32813
99,2459
99,17754
100
100
100
100
100
100
100
100
100
100
100
100
100
100
100
100
100
100
100
100
100
100
100
100
100
100
100
100
100
100
100
100
100
100
100
100
100
100
100
100
100
100
100
100
100
100
100
100
100
100
100
100
100
100
100
100
100
99,90804
99,77145
99,64079
99,52283
99,41239
99,31551
100
100
100
100
100
100
100
100
100
100
100
100
100
100
100
100
100
100
100
100
100
100
100
100
100
100
100
100
100
100
100
100
100
100
100
100
100
100
100
100
100
100
100
100
100
100
100
100
100
100
100
100
100
100
100
100
100
100
100
99,90773
99,76252
99,62778
99,5037
100
100
100
100
100
100
100
100
100
100
100
100
100
100
100
100
100
100
100
100
100
100
100
100
100
100
100
100
100
100
100
100
100
100
100
100
100
100
100
100
100
100
100
100
100
100
100
100
100
100
100
100
100
100
100
100
100
100
100
100
100
99,89347
99,73824
100
100
100
100
100
100
100
100
100
100
100
100
100
100
100
100
100
100
100
100
100
100
100
100
100
100
100
100
100
100
100
100
100
100
100
100
100
100
100
100
100
100
100
100
100
100
100
100
100
100
100
100
100
100
100
100
100
100
100
100
100
100
99,99771
100
100
100
100
100
100
100
100
100
100
100
100
100
100
100
100
100
100
100
100
100
100
100
100
100
100
100
100
100
100
100
100
100
100
100
100
100
100
100
100
100
100
100
100
100
100
100
100
100
100
100
100
100
100
100
100
100
100
100
100
100
100
100
100
100
100
100
100
100
100
100
100
100
100
100
100
100
100
100
100
100
100
100
100
100
100
100
100
100
100
100
100
100
100
100
100
100
100
100
100
100
100
100
100
100
100
100
100
100
100
100
100
100
100
100
100
100
100
100
100
100
100
100
100
100
100
100
100
100
100
100
100
100
100
100
100
100
100
100
100
100
100
100
100
100
100
100
100
100
100
100
100
100
100
100
100
100
100
100
100
100
100
100
100
100
100
100
100
100
100
100
100
100
100
100
100
100
100
100
100
100
100
100
100
100
100
100
100
100
100
100
100
100
100
100
100
100
100
100
100
100
100
100
100
100
100
100
100
100
100
100
100
100
100
100
100
100
100
100
100
100
100
100
100
100
100
100
100
100
100
100
100
100
100
100
100
100
100
100
100
100
100
100
100
100
100
100
100
100
100
100
100
100
100
100
100
100
100
100
100
100
100
100
100
100
100
100
100
100
100
100
100
100
100
100
100
100
100
100
100
100
100
100
100
100
100
100
100
100
100
100
100
100
100
100
100
100
100
100
100
100
100
100
100
100
100
100
100
100
100
100
100
100
100
100
100
100
100
100
100
100
100
100
100
100
100
100
100
100
100
100
100
100
100
100
100
100
100
100
100
100
100
100
100
100
100
100
100
100
100
100
100
100
100
100
100
100
100
100
100
100
100
100
100
100
100
100
100
100
100
100
100
100
100
100
100
100
100
100
100
100
100
100
100
100
100
100
100
100
100
100
100
100
100
100
100
100
100
100
100
100
100
100
100
100
100
100
100
100
100
100
100
100
100
100
100
100
100
100
100
100
100
100
100
100
100
100
100
100
100
100
100
100
100
100
100
100
100
100
100
100
100
100
100
100
100
100
100
100
100
100
100
100
100
100
100
100
100
100
100
100
100
100
100
100
100
100
100
100
100
100
100
100
100
100
100
100
100
100
100
100
100
100
100
100
100
100
100
100
100
100
100
100
100
100
100
100
100
100
100
100
100
100
100
100
100
100
100
100
100
100
100
100
100
100
100
100
100
100
100
100
100
100
100
100
100
100
100
100
100
100
100
100
100
100
100
100
100
100
100
100
100
100
100
100
100
100
100
100
100
100
100
100
100
100
100
100
100
100
100
100
100
100
100
100
100
100
100
100
100
100
100
100
100
100
100
100
100
100
100
100
100
100
100
100
100
100
100
100
100
100
100
100
100
100
100
100
100
100
100
100
100
100
100
100
100
100
100
100
100
100
100
100
100
100
100
100
100
100
100
100
100
100
100
100
100
100
100
100
100
100
100
100
100
100
100
100
100
100
100
100
100
100
100
100
100
100
100
100
100
100
100
100
100
100
100
100
100
100
100
100
100
100
100
100
100
100
100
100
100
100
100
100
100
100
100
100
100
100
100
100
100
100
100
100
100
100
100
100
100
100
100
100
100
100
100
100
100
100
100
100
100
100
100
100
100
100
100
100
100
100
100
100
100
100
100
100
100
100
100
100
100
100
100
100
100
100
100
100
100
100
100
100
100
100
100
100
100
100
100
100
100
100
100
100
100
100
100
100
100
100
100
100
100
100
100
100
100
100
100
100
100
100
100
100
100
100
100
100
100
100
100
100
100
100
100
100
100
100
100
100
100
100
100
100
100
100
100
100
100
100
100
100
100
100
100
100
100
100
100
100
100
100
100
100
100
100
100
100
100
100
100
100
100
100
100
100
100
100
100
100
100
100
100
100
100
100
100
100
100
100
100
100
100
100
100
100
100
100
100
100
100
100
100
100
100
100
100
100
100
100
100
100
100
100
100
100
100
100
100
100
100
100
100
100
100
100
100
100
100
100
100
100
100
100
100
100
100
100
100
100
100
100
100
100
100
100
100
100
100
100
100
100
100
100
100
100
100
100
100
100
100
100
100
100
100
100
100
100
100
100
100
100
100
100
100
100
100
100
100
100
100
100
100
100
100
100
100
100
100
100
100
100
100
100
100
100
100
100
100
100
100
100
100
100
100
100
100
100
100
100
100
100
100
100
100
100
100
100
100
100
100
100
100
100
100
100
100
100
100
100
100
100
100
100
100
100
100
100
100
100
100
100
100
100
100
100
100
100
100
100
100
100
100
100
100
100
100
100
100
100
100
100
100
100
100
100
100
100
100
100
100
100
100
100
100
100
100
100
100
100
100
100
100
100
100
100
100
100
100
100
100
100
100
100
100
100
100
100
100
100
100
100
100
100
100
100
100
100
100
100
100
100
100
100
100
100
100
100
100
100
100
100
100
100
100
100
100
100
100
100
100
100
100
100
100
100
100
100
100
100
100
100
100
100
100
100
100
100
100
100
100
100
100
100
100
100
100
100
100
100
100
100
100
100
100
100
100
100
100
100
100
100
100
100
100
100
100
100
100
100
100
100
100
100
100
100
100
100
100
100
100
100
100
100
100
100
100
100
100
100
100
100
100
100
100
100
100
100
100
100
100
100
100
100
100
100
100
100
100
100
100
100
100
100
100
100
100
100
100
100
100
100
100
100
100
100
100
100
100
100
100
100
100
100
100
100
100
100
100
100
100
100
100
100
100
100
100
100
100
100
100
100
100
100
100
100
100
100
100
100
100
100
100
100
100
100
100
100
100
100
100
100
100
100
100
100
100
100
100
100
100
100
100
100
100
100
100
100
100
100
100
100
100
100
100
100
100
100
100
100
100
100
100
100
100
100
100
100
100
100
100
100
100
100
100
100
100
100
100
100
100
100
100
100
100
100
100
100
100
100
100
100
100
100
100
100
100
100
100
100
100
100
100
100
100
100
100
100
100
100
100
100
100
100
100
100
100
100
100
100
100
100
100
100
100
100
100
100
100
100
100
100
100
100
100
100
100
100
100
100
100
100
100
100
100
100
100
100
100
100
100
100
100
100
100
100
100
100
100
100
100
100
100
100
100
100
100
100
100
100
100
100
100
100
100
100
100
100
100
100
100
100
100
100
100
100
100
100
100
100
100
100
100
100
100
100
100
100
100
100
100
100
100
100
100
100
100
100
100
100
100
100
100
100
100
100
100
100
100
100
100
100
100
100
100
100
100
100
100
100
100
100
100
100
100
100
100
100
100
100
100
100
100
100
100
100
100
100
100
100
100
100
100
100
100
100
100
100
100
100
100
100
100
100
100
100
100
100
100
100
100
100
100
100
100
100
100
100
100
100
100
100
100
100
100
100
100
100
100
100
100
100
100
100
100
100
100
100
100
100
100
100
100
100
100
100
100
100
100
100
100
100
100
100
100
100
100
100
100
100
100
100
100
100
100
100
100
100
100
100
100
100
100
100
100
100
100
100
100
100
100
100
100
100
100
100
100
100
100
100
100
100
100
100
100
100
100
100
100
100
100
100
100
100
100
100
100
100
100
100
100
100
100
100
100
100
100
100
100
100
100
100
100
100
100
100
100
100
100
100
100
100
100
100
100
100
100
100
100
100
100
100
100
100
100
100
100
100
100
100
100
100
100
100
100
100
100
100
100
100
100
100
100
100
100
100
100
100
100
100
100
100
100
100
100
100
100
100
100
100
100
100
100
100
100
100
100
100
100
100
100
100
100
100
100
100
100
100
100
100
100
100
100
100
100
100
100
100
100
100
100
100
100
100
100
100
100
100
100
100
100
100
100
100
100
100
100
100
100
100
100
100
100
100
100
100
100
100
100
100
100
100
100
100
100
100
100
100
100
100
100
100
100
100
100
100
100
100
100
100
100
100
100
100
100
100
100
100
100
100
100
100
100
100
100
100
100
100
100
100
100
100
100
100
100
100
100
100
100
100
100
100
100
100
100
100
100
100
100
100
100
100
100
100
100
100
100
100
100
100
100
100
100
100
100
100
100
100
100
100
100
100
100
100
100
100
100
100
100
100
100
100
100
100
100
100
100
100
100
100
100
100
100
100
100
100
100
100
100
100
100
100
100
100
100
100
100
100
100
100
100
100
100
100
100
100
100
100
100
100
100
100
100
100
100
100
100
100
100
100
100
100
100
100
100
100
100
100
100
100
100
100
100
100
100
100
100
100
100
100
100
100
100
100
100
100
100
100
100
100
100
100
100
100
100
100
100
100
100
100
100
100
100
100
100
100
100
100
100
100
100
100
100
100
100
100
100
100
100
100
100
100
100
100
100
100
100
100
100
100
100
100
100
100
100
100
100
100
100
100
100
100
100
100
100
100
100
100
100
100
100
100
100
100
100
100
100
100
100
100
100
100
100
100
100
100
100
100
100
100
100
100
100
100
100
100
100
100
100
100
100
100
100
100
100
100
100
100
100
100
100
100
100
100
100
100
100
100
100
100
100
100
100
100
100
100
100
100
100
100
100
100
100
100
100
100
100
100
100
100
100
100
100
100
100
100
100
100
100
100
100
100
100
100
100
100
100
100
100
100
100
100
100
100
100
100
100
100
100
100
100
100
100
100
100
100
100
100
100
100
100
100
100
100
100
100
100
100
100
100
100
100
100
100
100
100
100
100
100
100
100
100
100
100
100
100
100
100
100
100
100
100
100
100
100
100
100
100
100
100
100
100
100
100
100
100
100
100
100
100
100
100
100
100
100
100
100
100
100
100
100
100
100
100
100
100
100
100
100
100
100
100
100
100
100
100
100
100
100
100
100
100
100
100
100
100
100
100
100
100
100
100
100
100
100
100
100
100
100
100
100
100
100
100
100
100
100
100
100
100
100
100
100
100
100
100
100
100
100
100
100
100
100
100
100
100
100
100
100
100
100
100
100
100
100
100
100
100
100
100
100
100
100
100
100
100
100
100
100
100
100
100
100
100
100
100
100
100
100
100
100
100
100
100
100
100
100
100
100
100
100
100
100
100
100
100
100
100
100
100
100
100
100
100
100
100
100
100
100
100
100
100
100
99,99969
99,99186
99,68175
99,19567
98,19952
97,61009
97,56367
98,20686
99,20764
99,88496
100
100
100
100
100
100
100
100
100
100
100
100
100
100
100
100
100
100
100
100
100
100
100
100
100
100
100
100
100
100
100
100
100
100
100
100
100
100
100
100
100
100
100
100
100
100
100
100
100
100
100
99,9203
98,84692
97,00649
94,26642
91,54347
88,4044
85,9499
84,89224
85,54254
88,29187
92,3671
96,43105
99,28291
100
100
100
100
100
100
100
100
100
100
100
100
100
100
100
100
100
100
100
100
100
100
100
100
100
100
100
100
100
100
100
100
100
100
100
100
100
100
100
100
100
100
100
100
100
100
100
100
99,85179
98,85226
95,45834
90,63061
84,80396
79,14313
74,46484
70,18724
67,51114
66,80072
68,84116
73,38182
80,18797
87,47116
93,97341
98,33077
99,86002
100
100
100
100
100
100
100
100
100
100
100
100
100
100
100
100
100
100
100
100
100
100
100
100
100
100
100
100
100
100
100
100
100
100
100
100
100
100
100
100
100
100
100
100
99,995
98,97863
96,21274
91,3068
84,41437
76,97024
69,21745
62,96235
58,52635
55,62739
54,23767
54,76856
57,43405
62,29881
69,14435
77,09739
84,61792
91,39001
96,05785
98,51488
99,56467
99,89187
99,9975
100
100
100
100
100
100
100
100
100
100
100
100
100
100
100
100
100
100
100
100
100
100
100
100
100
100
100
100
100
100
100
100
100
100
100
100
100
100
100
100
99,23849
95,21205
89,30693
81,52219
73,11548
65,62585
59,84209
56,05757
54,60421
55,15207
56,1012
57,85047
60,15506
62,64065
66,50706
70,97403
76,82275
82,71832
87,09724
90,60211
93,13087
94,77585
96,12148
97,4697
98,66941
99,65561
99,93861
99,99838
100
100
100
100
100
100
100
100
100
100
100
100
100
100
100
100
100
100
100
100
100
100
100
100
100
100
100
100
100
100
100
100
100
100
99,8917
96,38593
88,8896
81,01343
73,6514
67,86885
64,28107
62,89877
63,47897
65,66959
69,13757
71,81279
74,14915
75,02139
74,3634
73,6732
73,04926
74,28773
75,99361
78,00043
79,81125
80,98616
82,32124
83,93294
86,05637
88,49584
91,38974
94,36687
97,02568
99,13766
99,99604
100
100
100
100
100
100
100
100
100
100
100
100
100
100
100
100
100
100
100
100
100
100
100
100
100
100
100
100
100
100
100
100
98,16631
91,52834
82,17209
74,49921
70,55276
70,74294
72,99845
76,07887
79,74409
83,69789
87,71912
90,29853
92,36408
92,05251
89,56539
85,56279
81,75849
78,60695
75,74443
73,95981
72,1953
70,54649
69,75005
69,74803
70,78067
72,79072
76,08108
80,11469
85,7187
92,00974
97,30632
99,76076
100
100
100
100
100
100
100
100
100
100
100
100
100
100
100
100
100
100
100
100
100
100
100
100
100
100
100
100
100
100
99,78022
95,22348
86,29242
76,96755
71,87571
73,40739
78,92445
85,85305
90,88722
94,51759
97,42425
98,96693
99,70242
99,91476
99,93333
98,50558
95,39835
91,35115
87,05761
82,48679
77,90762
73,32431
69,06131
65,3501
62,93911
61,46479
61,06528
62,17932
65,60918
72,62511
82,02775
91,519
97,98232
99,98291
100
100
100
100
100
100
100
100
100
100
100
100
100
100
100
100
100
100
100
100
100
100
100
100
100
100
100
100
100
98,80766
92,21529
82,83267
74,90088
73,18848
78,85688
88,07892
95,77946
99,07784
99,85992
100
100
100
100
100
100
99,73478
98,22113
95,43256
91,65892
87,31672
82,34933
77,6241
72,77669
68,92868
65,11871
61,64338
59,35067
59,1779
63,34073
71,70056
82,29271
92,26161
98,56181
99,99235
100
100
100
100
100
100
100
100
100
100
100
100
100
100
100
100
100
100
100
100
100
100
100
100
100
100
100
99,98577
97,8046
90,49963
81,27238
76,01321
77,7281
85,225
94,34972
99,61943
100
100
100
100
100
100
100
100
100
100
99,78291
98,35246
96,17646
93,31261
90,01296
86,70977
82,87799
78,79586
74,44408
69,03754
64,15778
62,29675
65,03709
72,50534
82,30499
91,70309
97,57016
99,96192
100
100
100
100
100
100
100
100
100
100
100
100
100
100
100
100
100
100
100
100
100
100
100
100
100
100
99,87547
96,2963
89,19427
81,7105
78,5754
82,44852
90,60204
97,69788
100
100
100
100
100
100
100
100
100
100
100
100
100
99,83849
99,57212
98,8377
97,56185
95,65999
93,54987
90,374
84,31168
76,50694
69,01788
64,78085
65,89807
72,61327
82,39731
91,80115
98,11745
99,99599
100
100
100
100
100
100
100
100
100
100
100
100
100
100
100
100
100
100
100
100
100
100
100
100
100
99,25165
94,76926
88,45036
83,4743
83,01234
87,66042
94,83208
99,55055
100
100
100
100
100
100
100
100
100
100
100
100
100
100
100
100
100
100
99,90651
99,40787
96,51988
89,29482
79,58236
70,31461
65,01279
66,358
74,23528
85,21352
94,58299
99,49641
100
100
100
100
100
100
100
100
100
100
100
100
100
100
100
100
100
100
100
100
100
100
100
100
99,80095
97,37534
92,44528
86,89288
84,2272
86,45397
91,5774
97,0003
99,9874
100
100
100
100
100
100
100
100
100
100
100
100
100
100
100
100
100
100
100
100
99,606
96,52882
89,31009
79,43318
70,49506
66,93933
70,81035
79,82152
89,93264
97,53898
99,79302
99,89003
99,99852
100
100
100
100
100
100
100
100
100
100
100
100
100
100
100
100
100
100
100
100
99,99699
98,68369
95,01711
89,74509
86,27351
85,85828
89,40997
94,86913
98,62061
99,99893
100
100
100
100
100
100
100
100
100
100
100
100
100
100
100
100
100
100
100
100
100
99,38943
96,311
89,14775
80,07973
73,23158
71,29002
75,32346
82,15622
88,29649
92,48312
95,36587
97,96683
99,72357
100
100
100
100
100
100
100
100
100
100
100
100
100
100
100
100
100
100
100
99,87033
96,5414
91,5127
86,59482
84,75746
87,39403
92,2738
97,14555
99,6595
100
100
100
100
100
100
100
100
100
100
100
100
100
100
100
100
100
100
100
100
100
100
100
99,98004
97,57539
90,06033
81,24913
74,53387
71,8177
71,881
74,43124
79,10394
85,48619
92,63661
97,77039
99,94312
100
100
100
100
100
100
100
100
100
100
100
100
100
100
100
100
100
100
98,8904
93,69482
87,52559
84,17478
84,8586
89,26517
95,2242
99,14748
100
100
100
100
100
100
100
100
100
100
100
100
100
100
100
100
100
100
100
100
100
100
100
100
100
99,7425
95,62529
87,92773
79,24957
71,63725
65,62379
63,35555
66,90642
75,9861
87,30211
95,51556
99,4704
100
100
100
100
100
100
100
100
100
100
100
100
100
100
100
100
100
99,83405
96,41232
90,20033
83,9291
81,72275
85,10646
91,4758
97,15117
99,8886
100
100
100
100
100
100
100
100
100
100
100
100
100
100
100
100
100
100
100
100
100
100
100
100
100
100
98,4056
93,4732
85,98925
76,94844
66,68265
60,39347
62,10978
71,57561
84,68388
95,05665
99,38072
100
100
100
100
100
100
100
100
100
100
100
100
100
100
100
100
99,99975
98,60932
92,87965
85,97392
81,25057
81,67017
86,91916
93,90854
98,8233
100
100
100
100
100
100
100
100
100
100
100
100
100
100
100
100
100
100
100
100
100
100
100
100
100
100
100
99,79743
97,99377
93,62579
85,77673
74,90585
67,06181
67,22696
75,23322
86,69373
96,27052
99,79067
100
100
100
100
100
100
100
100
100
100
100
100
100
100
100
100
99,84014
96,27708
89,22867
81,79234
79,06187
82,76132
89,90059
96,48604
99,73122
100
100
100
100
100
100
100
100
100
100
100
100
100
100
100
100
100
100
100
100
100
100
100
100
100
100
100
100
99,90287
98,89792
93,16758
84,03857
75,6131
73,9127
80,76564
91,16773
98,26411
100
100
100
100
100
100
100
100
100
100
100
100
100
100
100
100
100
99,18123
93,78959
85,56401
78,77455
77,93349
83,85027
92,57645
98,53647
100
100
100
100
100
100
100
100
100
100
100
100
100
100
100
100
100
100
100
100
100
100
100
100
100
100
100
100
100
100
99,41087
95,42245
87,24313
79,76556
77,79665
83,46734
92,3558
98,48627
100
100
100
100
100
100
100
100
100
100
100
100
100
100
100
100
100
98,45344
92,2299
83,17419
77,18089
78,59879
86,22673
95,04984
99,78139
100
100
100
100
100
100
100
100
100
100
100
100
100
100
100
100
100
100
100
100
100
100
100
100
100
100
100
100
100
100
98,83784
94,68475
86,27901
77,87518
75,41969
80,60335
90,15627
97,8192
99,96183
100
100
100
100
100
100
100
100
100
100
100
100
100
100
100
100
98,35928
91,25159
82,37014
76,92225
79,22737
87,62984
96,61549
99,99239
100
100
100
100
100
100
100
100
100
100
100
100
100
100
100
100
100
100
100
100
100
100
100
100
100
100
100
100
100
100
98,98186
95,13573
86,73193
77,91518
74,52637
79,18485
88,53385
96,36047
99,89694
100
100
100
100
100
100
100
100
100
100
100
100
100
100
100
100
98,43993
91,41971
82,39899
77,45634
80,4445
89,015
97,11779
99,99489
100
100
100
100
100
100
100
100
100
100
100
100
100
100
100
100
100
100
100
100
100
100
100
100
100
100
100
100
100
100
99,68088
96,84454
88,89496
79,71354
74,62804
77,58949
86,73804
95,66373
99,86165
100
100
100
100
100
100
100
100
100
100
100
100
100
100
100
100
98,5689
91,33043
81,38576
75,54672
78,77072
88,35658
97,1852
99,99035
100
100
100
100
100
100
100
100
100
100
100
100
100
100
100
100
100
100
100
100
100
100
100
100
100
100
100
100
100
100
100
98,83946
91,87897
81,65395
74,79518
76,05173
84,13487
93,88414
99,46118
100
100
100
100
100
100
100
100
100
100
100
100
100
100
100
100
98,33875
89,67746
77,96529
71,31449
74,52732
85,2317
96,04999
99,99757
100
100
100
100
100
100
100
100
100
100
100
100
100
100
100
100
100
100
100
100
100
100
100
100
100
100
100
100
100
100
100
99,18106
93,58512
83,62505
75,30136
74,65096
82,06125
92,0135
98,53192
99,99853
100
100
100
100
100
100
100
100
100
100
100
100
100
100
100
97,99702
87,94304
75,13005
67,00315
69,77975
81,29587
94,14826
99,92512
100
100
100
100
100
100
100
100
100
100
100
100
100
100
100
100
100
100
100
100
100
100
100
100
100
100
100
100
100
100
100
99,2177
94,02171
83,43269
73,86319
72,05318
79,45509
90,73163
98,02388
99,9817
100
100
100
100
100
100
100
100
100
100
100
100
100
100
100
97,97829
88,33778
74,49072
64,73752
66,45313
78,30514
92,22842
99,74542
100
100
100
100
100
100
100
100
100
100
100
100
100
100
100
100
100
100
100
100
100
100
100
100
100
100
100
100
100
100
100
99,66151
94,69151
83,96501
73,15875
69,92587
76,67494
88,55965
97,9475
99,99778
100
100
100
100
100
100
100
100
100
100
100
100
100
100
100
99,059
90,45955
76,81051
66,68327
66,85475
77,15665
90,7748
99,08809
100
100
100
100
100
100
100
100
100
100
100
100
100
100
100
100
100
100
100
100
100
100
100
100
100
100
100
100
100
100
100
99,86198
95,71259
84,63191
72,61105
67,8022
73,90168
86,49966
96,89371
100
100
100
100
100
100
100
100
100
100
100
100
100
100
100
100
99,80899
93,87453
82,19788
72,49889
70,90034
78,97403
90,51831
98,20364
100
100
100
100
100
100
100
100
100
100
100
100
100
100
100
100
100
100
100
100
100
100
100
100
100
100
100
100
100
100
100
99,97184
96,38809
85,88619
72,51235
65,02769
69,39989
82,31923
95,06932
99,89532
100
100
100
100
100
100
100
100
100
100
100
100
100
100
100
99,99705
96,61631
88,13145
78,83287
74,97884
79,80207
89,35556
97,56492
100
100
100
100
100
100
100
100
100
100
100
100
100
100
100
100
100
100
100
100
100
100
100
100
100
100
100
100
100
100
100
100
97,36997
86,11456
71,02351
61,31464
63,76134
76,72095
91,6198
99,42998
100
100
100
100
100
100
100
100
100
100
100
100
100
100
100
100
98,62014
91,81714
81,85037
75,3728
77,15828
85,9137
95,66303
99,85312
100
100
100
100
100
100
100
100
100
100
100
100
100
100
100
100
100
100
100
100
100
100
100
100
100
100
100
100
100
99,99968
99,34147
96,49586
85,04768
69,80067
60,60144
62,86223
74,46786
89,04394
98,46513
100
100
100
100
100
100
100
100
100
100
100
100
100
100
100
100
99,55956
93,32829
82,10953
72,87344
72,1701
80,43845
91,71317
99,05798
100
100
100
100
100
100
100
100
100
100
100
100
100
100
100
100
100
100
100
100
100
100
100
100
100
100
100
100
100
99,61475
97,12456
91,97374
81,6207
69,10233
62,51323
66,06198
77,1315
89,40027
97,92586
100
100
100
100
100
100
100
100
100
100
100
100
100
100
100
100
99,82318
93,83383
81,5045
70,27577
67,23766
74,5701
87,04376
97,7096
100
100
100
100
100
100
100
100
100
100
100
100
100
100
100
100
100
100
100
100
100
100
100
100
100
100
100
100
99,83735
98,17964
93,52644
87,37477
78,98663
70,66782
68,12058
73,38499
83,53782
92,68272
98,64639
100
100
100
100
100
100
100
100
100
100
100
100
100
100
100
100
99,96834
94,72861
82,83704
70,53066
64,78925
69,90443
82,68869
95,31866
99,97102
100
100
100
100
100
100
100
100
100
100
100
100
100
100
100
100
100
100
100
100
100
100
100
100
100
100
99,67101
97,95038
94,43824
88,19056
82,35893
78,92123
76,19405
77,14624
83,29762
91,31966
96,90648
99,74283
100
100
100
100
100
100
100
100
100
100
100
100
100
100
100
100
99,99983
97,15781
87,35158
74,69822
66,3517
67,67654
77,72169
90,13229
98,24475
100
100
100
100
100
100
100
100
100
100
100
100
100
100
100
100
100
100
100
100
100
100
100
100
100
100
98,55223
94,31958
88,38002
82,06325
78,51487
79,57923
83,40811
87,54599
92,82034
97,45882
99,55077
100
100
100
100
100
100
100
100
100
100
100
100
100
100
100
100
100
100
99,16457
92,80203
81,32025
70,40783
65,25868
69,18518
79,5498
91,35129
99,21736
100
100
100
100
100
100
100
100
100
100
100
100
100
100
100
100
100
100
100
100
100
100
100
100
99,96494
97,37061
88,94321
79,96455
75,06298
75,79689
81,56476
89,19579
94,73558
98,09014
99,88291
100
100
100
100
100
100
100
100
100
100
100
100
100
100
100
100
100
100
100
99,97882
96,88814
87,50281
74,19428
62,30155
58,46514
64,81266
78,05746
92,03035
99,5362
100
100
100
100
100
100
100
100
100
100
100
100
100
100
100
100
100
100
100
100
100
100
99,98495
99,4052
94,20004
83,10085
72,89865
69,14272
74,20398
84,42216
94,09135
98,69289
99,81374
100
100
100
100
100
100
100
100
100
100
100
100
100
100
100
100
100
100
100
100
100
99,33531
92,7656
78,77908
62,29949
51,29052
51,59214
63,6455
80,46786
94,07242
99,47099
100
100
100
100
100
100
100
100
100
100
100
100
100
100
100
100
100
100
100
100
99,99425
98,73735
95,52885
88,42916
77,78439
69,67926
68,41554
75,07346
86,7187
96,6841
99,91755
100
100
100
100
100
100
100
100
100
100
100
100
100
100
100
100
100
100
100
100
100
100
99,99901
97,27588
85,6971
68,39174
52,82197
47,64901
55,93927
72,01607
87,46095
96,25581
99,32196
99,97247
100
100
100
100
100
100
100
100
100
100
100
100
100
100
100
100
100
100
99,53144
95,21363
87,90347
79,40088
72,51375
69,89626
73,64851
81,34446
90,87383
98,28172
100
100
100
100
100
100
100
100
100
100
100
100
100
100
100
100
100
100
100
100
100
100
100
100
99,90593
93,76719
79,90183
64,4436
55,98418
59,02158
70,05804
81,37137
88,06501
92,73605
97,32885
99,95299
100
100
100
100
100
100
100
100
100
100
100
100
100
100
100
99,7811
99,32763
97,84698
89,70126
78,677
69,54335
67,08394
72,01288
81,11886
89,63611
95,79987
99,78499
100
100
100
100
100
100
100
100
100
100
100
100
100
100
100
100
100
100
100
100
100
100
100
100
100
99,12061
91,78767
80,26009
72,05956
70,86832
72,74313
71,61217
70,24665
73,92773
83,85699
95,73683
100
100
100
100
100
100
100
100
100
100
100
100
100
100
99,39645
97,39888
95,89963
93,42976
83,80932
72,55748
64,6812
65,78486
75,20573
87,75585
96,26516
99,20241
100
100
100
100
100
100
100
100
100
100
100
100
100
100
100
100
100
100
100
100
100
100
100
100
100
100
100
99,1534
93,82116
88,27666
84,49413
75,15564
60,99199
50,20998
51,50695
65,55342
85,26486
98,13013
99,57224
99,95014
100
100
100
100
100
100
99,9971
99,98727
99,44135
99,05984
99,17612
95,87688
90,25978
87,41401
86,32693
80,55585
72,35543
67,52499
70,66422
81,43369
93,58887
99,61844
100
100
100
100
100
100
100
100
100
100
100
100
100
100
100
100
100
100
100
100
100
100
100
100
100
100
100
100
100
99,7365
97,72894
93,7963
78,62037
56,73676
39,40619
37,91655
53,30651
71,452
84,87213
90,2177
95,62136
99,39798
99,11038
98,52859
99,08725
99,30194
97,87251
97,04433
96,73035
95,61306
94,05396
92,28997
86,16577
78,91831
75,38113
77,71768
79,63664
78,45153
76,80562
80,11835
88,77814
97,19708
100
100
100
100
100
100
100
100
100
100
100
100
100
100
100
100
100
100
100
100
100
100
100
100
100
100
100
100
100
100
100
99,99837
98,65327
85,0494
63,23967
45,33187
42,1557
47,69854
55,87998
63,72732
70,43028
81,97642
91,12479
90,6897
89,26885
91,58638
92,07703
88,34328
84,35434
82,54652
82,53131
82,81619
79,42336
73,94911
68,944
66,82034
72,34001
81,03047
86,60187
88,39743
90,44926
95,31767
99,34063
100
100
100
100
100
100
100
100
100
100
100
100
100
100
100
100
100
100
100
100
100
100
100
100
100
100
100
100
100
100
100
100
99,99548
93,70912
78,35648
64,95387
59,19773
52,9665
48,0895
46,27052
51,77573
63,78532
71,28241
71,6894
69,97579
74,47484
74,9181
68,83585
61,0141
56,62333
60,23389
66,76781
67,22543
65,85193
65,38039
66,8824
73,96435
85,24654
93,98669
96,48721
97,36328
99,20049
100
100
100
100
100
100
100
100
100
100
100
100
100
100
100
100
100
100
100
100
100
100
100
100
100
100
100
100
100
100
100
100
100
100
99,66332
93,81169
86,59259
80,05838
66,6994
51,80408
41,53583
44,26859
51,82497
54,71109
51,34821
47,38168
52,67809
52,85286
46,04861
35,74725
31,33685
39,37158
53,96532
62,9614
66,62463
71,46652
75,75813
81,90469
91,69014
98,71433
99,70096
99,89363
100
100
100
100
100
100
100
100
100
100
100
100
100
100
100
100
100
100
100
100
100
100
100
100
100
100
100
100
100
100
100
100
100
100
100
100
99,98357
98,76677
95,24697
81,8169
64,56952
53,74144
53,59739
55,80886
51,66827
41,03947
35,16792
40,80719
40,65089
34,24202
24,15767
22,08282
33,56847
53,06937
68,57202
75,74301
83,28123
87,82109
91,94444
97,43114
99,94172
100
100
100
100
100
100
100
100
100
100
100
100
100
100
100
100
100
100
100
100
100
100
100
100
100
100
100
100
100
100
100
100
100
100
100
100
100
100
100
100
99,71828
93,3309
82,20901
74,9696
74,07639
73,05308
63,56653
47,35398
41,09494
47,35573
47,75645
41,75878
33,25769
34,20552
46,71289
65,40088
79,91907
88,06036
94,56616
96,90481
98,625
99,93825
100
100
100
100
100
100
100
100
100
100
100
100
100
100
100
100
100
100
100
100
100
100
100
100
100
100
100
100
100
100
100
100
100
100
100
100
100
100
100
100
100
100
99,61971
96,56
93,89679
93,54565
91,05795
79,95953
66,51826
61,13101
66,61926
69,11448
63,05219
57,09913
59,69769
69,78532
82,60802
91,28033
96,47211
99,6648
99,96567
100
100
100
100
100
100
100
100
100
100
100
100
100
100
100
100
100
100
100
100
100
100
100
100
100
100
100
100
100
100
100
100
100
100
100
100
100
100
100
100
100
100
100
100
100
100
99,99363
99,95144
98,26513
93,12034
86,84149
83,52293
85,81828
87,65881
84,34995
81,87778
83,3602
88,85595
94,8997
98,16941
99,67513
100
100
100
100
100
100
100
100
100
100
100
100
100
100
100
100
100
100
100
100
100
100
100
100
100
100
100
100
100
100
100
100
100
100
100
100
100
100
100
100
100
100
100
100
100
100
100
100
100
100
100
99,39117
97,79554
96,16827
95,6377
96,8357
97,06158
96,04123
96,13595
97,99866
99,45639
100
100
100
100
100
100
100
100
100
100
100
100
100
100
100
100
100
100
100
100
100
100
100
100
100
100
100
100
100
100
100
100
100
100
100
100
100
100
100
100
100
100
100
100
100
100
100
100
100
100
100
100
100
100
99,94045
99,69108
99,78672
99,99398
100
99,83539
99,74197
99,96373
100
100
100
100
100
100
100
100
100
100
100
100
100
100
100
100
100
100
100
100
100
100
100
100
100
100
100
100
100
100
100
100
100
100
100
100
100
100
100
100
100
100
100
100
100
100
100
100
100
100
100
100
100
100
100
100
100
100
100
100
100
100
100
100
100
100
100
100
100
100
100
100
100
100
100
100
100
100
100
100
100
100
100
100
100
100
100
100
100
100
100
100
100
100
100
100
100
100
100
100
100
100
100
100
100
100
100
100
100
100
100
100
100
100
100
100
100
100
100
100
100
100
100
100
100
100
100
100
100
100
100
100
100
100
100
100
100
100
100
100
100
100
100
100
100
100
100
100
100
100
100
100
100
100
100
100
100
100
100
100
100
100
100
100
100
100
100
100
100
100
100
100
100
100
100
100
100
100
100
100
100
100
100
100
100
100
100
100
100
100
100
100
100
100
100
100
100
100
100
100
100
100
100
100
100
100
100
100
100
100
100
100
100
100
100
100
100
100
100
100
100
100
100
100
100
100
100
100
100
100
100
100
100
100
100
100
100
100
100
100
100
100
100
100
100
100
100
100
100
100
100
100
100
100
100
100
100
100
100
100
100
100
100
100
100
100
100
100
100
100
100
100
100
100
100
100
100
100
100
100
100
100
100
100
100
100
100
100
100
100
100
100
100
100
100
100
100
100
100
100
100
100
100
100
100
100
100
100
100
100
100
100
100
100
100
100
100
100
100
100
100
100
100
100
100
100
100
100
100
100
100
100
100
100
100
100
100
100
100
100
100
100
100
100
100
100
100
100
100
100
100
100
100
100
100
100
100
100
100
100
100
100
100
100
100
100
100
100
100
100
100
100
100
100
100
100
100
100
100
100
100
100
100
100
100
100
100
100
100
100
100
100
100
100
100
100
100
100
100
100
100
100
100
100
100
100
100
100
100
100
100
100
100
100
100
100
100
100
100
100
100
100
100
100
100
100
100
100
100
100
100
100
100
100
100
100
100
100
100
100
100
100
100
100
100
100
100
100
100
100
100
100
100
100
100
100
100
100
100
100
100
100
100
100
100
100
100
100
100
100
100
100
100
100
100
100
100
100
100
100
100
100
100
100
100
100
100
100
100
100
100
100
100
100
100
100
100
100
100
100
100
100
100
100
100
100
100
100
100
100
100
100
100
100
100
100
100
100
100
100
100
100
100
100
100
100
100
100
100
100
100
100
100
100
100
100
100
100
100
100
100
100
100
100
100
100
100
100
100
100
100
100
100
100
100
100
100
100
100
100
100
100
100
100
100
100
100
100
100
100
100
100
100
100
100
100
100
100
100
100
100
100
100
100
100
100
100
100
100
100
100
100
100
100
100
100
100
100
100
100
100
100
100
100
100
100
100
100
100
100
100
100
100
100
100
100
100
100
100
100
100
100
100
100
100
100
100
100
100
100
100
100
100
100
100
100
100
100
100
100
100
100
100
100
100
100
100
100
100
100
100
100
100
100
100
100
100
100
100
100
100
100
100
100
100
100
100
100
100
100
100
100
100
100
100
100
100
100
100
100
100
100
100
100
100
100
100
100
100
100
100
100
100
100
100
100
100
100
100
100
100
100
100
100
100
100
100
100
100
100
100
100
100
100
100
100
100
100
100
100
100
100
100
100
100
100
100
100
100
100
100
100
100
100
100
100
100
100
100
100
100
100
100
100
100
100
100
100
100
100
100
100
100
100
100
100
100
100
100
100
100
100
100
100
100
100
100
100
100
100
100
100
100
100
100
100
100
100
100
100
100
100
100
100
100
100
100
100
100
100
100
100
100
100
100
100
100
100
100
100
100
100
100
100
100
100
100
100
100
100
100
100
100
100
100
100
100
100
100
100
100
100
100
100
100
100
100
100
100
100
100
100
100
100
100
100
100
100
100
100
100
100
100
100
100
100
100
100
100
100
100
100
100
100
100
100
100
100
100
100
100
100
100
100
100
100
100
100
100
100
100
100
100
100
100
100
100
100
100
100
100
100
100
100
100
100
100
100
100
100
100
100
100
100
100
100
100
100
100
100
100
100
100
100
100
100
100
100
100
100
100
100
100
100
100
100
100
100
100
100
100
100
100
100
100
100
100
100
100
100
100
100
100
100
100
100
100
100
100
100
100
100
100
100
100
100
100
100
100
100
100
100
100
100
100
100
100
100
100
100
100
100
100
100
100
100
100
100
100
100
100
100
100
100
100
100
100
100
100
100
100
100
100
100
100
100
100
100
100
100
100
100
100
100
100
100
100
100
100
100
100
100
100
100
100
100
100
100
100
100
100
100
100
100
100
100
100
100
100
100
100
100
100
100
100
100
100
100
100
100
100
100
100
100
100
100
100
100
100
100
100
100
100
100
100
100
100
100
100
100
100
100
100
100
100
100
100
100
100
100
100
100
100
100
100
100
100
100
100
100
100
100
100
100
100
100
100
100
100
100
100
100
100
100
100
100
100
100
100
100
100
100
100
100
100
100
100
100
100
100
100
100
100
100
100
100
100
100
100
100
100
100
100
100
100
100
100
100
100
100
100
100
100
100
100
100
100
100
100
100
100
100
100
100
100
100
100
100
100
100
100
100
100
100
100
100
100
100
100
100
100
100
100
100
100
100
100
100
100
100
100
100
100
100
100
100
100
100
100
100
100
100
100
100
100
100
100
100
100
100
100
100
100
100
100
100
100
100
100
100
100
100
100
100
100
100
100
100
100
100
100
100
100
100
100
100
100
100
100
100
100
100
100
100
100
100
100
100
100
100
100
100
100
100
100
100
100
100
100
100
100
100
100
100
100
100
100
100
100
100
100
100
100
100
100
100
100
100
100
100
100
100
100
100
100
100
100
100
100
100
100
100
100
100
100
100
100
100
100
100
100
100
100
100
100
100
100
100
100
100
100
100
100
100
100
100
100
100
100
100
100
100
100
100
100
100
100
100
100
100
100
100
100
100
100
100
100
100
100
100
100
100
100
100
100
100
100
100
100
100
100
100
100
100
100
100
100
100
100
100
100
100
100
100
100
100
100
100
100
100
100
100
100
100
100
100
100
100
100
100
100
100
100
100
100
100
100
100
100
100
100
100
100
100
100
100
100
100
100
100
100
100
100
100
100
100
100
100
100
100
100
100
100
100
100
100
100
100
100
100
100
100
100
100
100
100
100
100
100
100
100
100
100
100
100
100
100
100
100
100
100
100
100
100
100
100
100
100
100
100
100
100
100
100
100
100
100
100
100
100
100
100
100
100
100
100
100
100
100
100
100
100
100
100
100
100
100
100
100
100
100
100
100
100
100
100
100
100
100
100
100
100
100
100
100
100
100
100
100
100
100
100
100
100
100
100
100
100
100
100
100
100
100
100
100
100
100
100
100
100
100
100
100
100
100
100
100
100
100
100
100
100
100
100
100
100
100
100
100
100
100
100
100
100
100
100
100
100
100
100
100
100
100
100
100
100
100
100
100
100
100
100
100
100
100
100
100
100
100
100
100
100
100
100
100
100
100
100
100
100
100
100
100
100
100
100
100
100
100
100
100
100
100
100
100
100
100
100
100
100
100
100
100
100
100
100
100
100
100
100
100
100
100
100
100
100
100
100
100
100
100
100
100
100
100
100
100
100
100
100
100
100
100
100
100
100
100
100
100
100
100
100
100
100
100
100
100
100
100
100
100
100
100
100
100
100
100
100
100
100
100
100
100
100
100
100
100
100
100
100
100
100
100
100
100
100
100
100
100
100
100
100
100
100
100
100
100
100
100
100
100
100
100
100
100
100
100
100
100
100
100
100
100
100
100
100
100
100
100
100
100
100
100
100
100
100
100
100
100
100
100
100
100
100
100
100
100
100
100
100
100
100
100
100
100
100
100
100
100
100
100
100
100
100
100
100
100
100
100
100
100
100
100
100
100
100
100
100
100
100
100
100
100
100
100
100
100
100
100
100
100
100
100
100
100
100
100
100
100
100
100
100
100
100
100
100
100
100
100
100
100
100
100
100
100
100
100
100
100
100
100
100
100
100
100
100
100
100
100
100
100
100
100
100
100
100
100
100
100
100
100
100
100
100
100
100
100
100
100
100
100
100
100
100
100
100
100
100
100
100
100
100
100
100
100
100
100
100
100
100
100
100
100
100
100
100
100
100
100
100
100
100
100
100
100
100
100
100
100
100
100
100
100
100
100
100
100
100
100
100
100
100
100
100
100
100
100
100
100
100
100
100
100
100
100
100
100
100
100
100
100
100
100
100
100
100
100
100
100
100
100
100
100
100
100
100
100
100
100
100
100
100
100
100
100
100
100
100
100
100
100
100
100
100
100
100
100
100
100
100
100
100
100
100
100
100
100
100
100
100
100
100
100
100
100
100
100
100
100
100
100
100
100
100
100
100
100
100
100
100
100
100
100
100
100
100
100
100
100
100
100
100
100
100
100
100
100
100
100
100
100
100
100
100
100
100
100
100
100
100
100
100
100
100
100
100
100
100
100
100
100
100
100
100
100
100
100
100
100
100
100
100
100
100
100
100
100
100
100
100
100
100
100
100
100
100
100
100
100
100
100
100
100
100
100
100
100
100
100
100
100
100
100
100
100
100
100
100
100
100
100
100
100
100
100
100
100
100
100
100
100
100
100
100
100
100
100
100
100
100
100
100
100
100
100
100
100
100
100
100
100
100
100
100
100
100
100
100
100
100
100
100
100
100
100
100
100
100
100
100
100
100
100
100
100
100
100
100
100
100
100
100
100
100
100
100
100
100
100
100
100
100
100
100
100
100
100
100
